artist,song,year,decade
Crow,Evil Woman Don't Play Your Games With Me,1970,1970s
Shocking Blue,Venus,1970,1970s
Jefferson,Baby Take Me in Your Arms,1970,1970s
Eddie Holman,Hey There Lonely Girl,1970,1970s
The Street People,Jennifer Tomkins,1970,1970s
Tee Set,Ma Belle Amie,1970,1970s
The Jaggerz,The Rapper,1970,1970s
Edison Lighthouse,Love Grows (Where My Rosemary Goes),1970,1970s
Frijid Pink,The House of the Rising Sun,1970,1970s
Norman Greenbaum,Spirit in the Sky,1970,1970s
Jack Blanchard & Misty Morgan,Tennessee Bird Walk,1970,1970s
Marmalade,Reflections of My Life,1970,1970s
The Ides of March,Vehicle,1970,1970s
White Plains,My Baby Loves Lovin',1970,1970s
Blues Image,Ride Captain Ride,1970,1970s
Mountain,Mississippi Queen,1970,1970s
Five Stairsteps,O-o-h Child,1970,1970s
The Pipkins,Gimme Dat Ding,1970,1970s
Miguel Ríos,A Song of Joy (Himno a la Alegria),1970,1970s
Crabby Appleton,Go Back,1970,1970s
Pacific Gas & Electric,Are You Ready?,1970,1970s
Alive N Kickin',"Tighter, Tighter",1970,1970s
Robin McNamara,Lay a Little Lovin' on Me,1970,1970s
The Assembled Multitude,Overture from Tommy (A Rock Opera),1970,1970s
Mungo Jerry,In the Summertime,1970,1970s
Hotlegs,Neanderthal Man,1970,1970s
Free,All Right Now,1970,1970s
Teegarden and Van Winkle,"God, Love and Rock & Roll",1970,1970s
R. Dean Taylor,Indiana Wants Me,1970,1970s
100 Proof (Aged in Soul),Somebody's Been Sleeping,1970,1970s
Bobby Bloom,Montego Bay,1970,1970s
Christie,Yellow River,1970,1970s
The Presidents,5-10-15-20 (25-30 Years of Love),1970,1970s
Redeye,Games,1971,1970s
Lynn Anderson,Rose Garden,1971,1970s
Jackie Moore,"Precious, Precious",1971,1970s
Liz Damon's Orient Express,1900 Yesterday,1971,1970s
Wadsworth Mansion,Sweet Mary,1971,1970s
Bloodrock,D.O.A.,1971,1970s
Sammi Smith,Help Me Make It Through the Night,1971,1970s
Brewer & Shipley,One Toke Over the Line,1971,1970s
The Bells,Stay Awhile,1971,1970s
The Buoys,Timothy,1971,1970s
Ocean,Put Your Hand in The Hand,1971,1970s
Daddy Dewdrop,Chick-A-Boom (Don't Ya Jes' Love It),1971,1970s
Richie Havens,Here Comes The Sun,1971,1970s
The Fuzz,I Love You for All Seasons,1971,1970s
Matthews Southern Comfort,Woodstock,1971,1970s
Tin Tin,Toast and Marmalade for Tea,1971,1970s
Paul Humphrey & the Cool-Aid Chemists,Cool Aid,1971,1970s
The Beginning of The End,Funky Nassau,1971,1970s
Chase,Get It On,1971,1970s
Sounds of Sunshine,Love Means (You Never Have to Say You're Sorry),1971,1970s
Cymarron,Rings,1971,1970s
Dave and Ansell Collins,Double Barrel,1971,1970s
Jean Knight,Mr. Big Stuff,1971,1970s
Tom Clay,"What The World Needs Now Is Love/Abraham, Martin and John",1971,1970s
Five Man Electrical Band,Signs,1971,1970s
The Undisputed Truth,Smiling Faces Sometimes,1971,1970s
The Glass Bottle,I Ain't Got Time Anymore,1971,1970s
Mac & Katie Kissoon,Chirpy Chirpy Cheep Cheep,1971,1970s
Lee Michaels,Do You Know What I Mean?,1971,1970s
The Stampeders,Sweet City Woman,1971,1970s
Denise LaSalle,Trapped By a Thing Called Love,1971,1970s
The Free Movement,I've Found Someone of My Own,1971,1970s
Freddie Hart,Easy Loving,1971,1970s
Ten Years After,I'd Love to Change the World,1971,1970s
Coven,One Tin Soldier (The Legend of Billy Jack),1971,1970s
Freddie North,She's All I Got,1971,1970s
Les Crane,Desiderata,1971,1970s
Sweathog,Hallelujah,1971,1970s
Jonathan Edwards,Sunshine,1972,1970s
The Hillside Singers,I'd Like to Teach The World to Sing (In Perfect Harmony),1972,1970s
Think,Once You Understand,1972,1970s
Bullet,"White Lies, Blue Eyes",1972,1970s
Climax,Precious and Few,1972,1970s
Apollo 100,Joy,1972,1970s
T. Rex,Bang A Gong (Get It On),1972,1970s
The English Congregation,Softly Whispering I Love You,1972,1970s
The Chakachas,Jungle Fever,1972,1970s
J.J. Cale,Crazy Mama,1972,1970s
Malo,Suavecito,1972,1970s
Jo Jo Gunne,Run Run Run,1972,1970s
Commander Cody and His Lost Planet Airmen,Hot Rod Lincoln,1972,1970s
Royal Scots Dragoon Guards,Amazing Grace,1972,1970s
Frederick Knight,I've Been Lonely for So Long,1972,1970s
Gary Glitter,Rock and Roll (Part 2),1972,1970s
Mouth and MacNeal,How Do You Do?,1972,1970s
Godspell,Day by Day,1972,1970s
Derek & The Dominos,Layla,1972,1970s
Joey Heatherton,Gone,1972,1970s
Argent,Hold Your Head Up,1972,1970s
Sailcat,Motorcycle Mama,1972,1970s
Flash,Small Beginnings,1972,1970s
Looking Glass,Brandy (You're a Fine Girl),1972,1970s
Daniel Boone,Beautiful Sunday,1972,1970s
Uriah Heep,Easy Livin,1972,1970s
Hot Butter,Popcorn,1972,1970s
Arlo Guthrie,City of New Orleans,1972,1970s
"Emerson, Lake & Palmer",From the Beginning,1972,1970s
Danny O'Keefe,Good Time Charlie's Got the Blues,1972,1970s
Mott The Hoople,All The Young Dudes,1972,1970s
The Delegates,Convention '72,1972,1970s
Chi Coltrane,Thunder and Lightning,1972,1970s
Cashman and West,American City Suite,1972,1970s
Billy Paul,Me and Mrs. Jones,1972,1970s
Blue Haze,Smoke Gets in Your Eyes,1973,1970s
Edward Bear,Last Song,1973,1970s
Brighter Side of Darkness,Love Jones,1973,1970s
Timmy Thomas,Why Can't We Live Together,1973,1970s
Hurricane Smith,"Oh, Babe, What Would You Say?",1973,1970s
Eric Weissberg and Steve Mandell,Dueling Banjos,1973,1970s
King Harvest,Dancing in the Moonlight,1973,1970s
Deodato,Also Sprach Zarathustra (2001),1973,1970s
Loudon Wainwright III,Dead Skunk,1973,1970s
Vicki Lawrence,The Night the Lights Went Out in Georgia,1973,1970s
Stealers Wheel,Stuck in the Middle with You,1973,1970s
Jud Strunk,Daisy a Day,1973,1970s
John and Ernest,Super Fly Meets Shaft,1973,1970s
Skylark,Wildflower,1973,1970s
Focus,Hocus Pocus,1973,1970s
The Independents,Leaving Me,1973,1970s
Barbara Fairchild,The Teddy Bear Song,1973,1970s
Gunhill Road,Back When My Hair Was Short,1973,1970s
Clint Holmes,Playground in My Mind,1973,1970s
New York City,I'm Doin' Fine Now,1973,1970s
Dr. John,"Right Place, Wrong Time",1973,1970s
Fred Wesley & the JB's,Doing It to Death,1973,1970s
Foster Sylvers,Misdemeanor,1973,1970s
Manu Dibango,Soul Makossa,1973,1970s
Stories,Brother Louie,1973,1970s
Sylvia,Pillow Talk,1973,1970s
B. W. Stevenson,My Maria,1973,1970s
Cross Country,In the Midnight Hour,1973,1970s
Ian Thomas,Painted Ladies,1974,1970s
Brownsville Station,Smokin' in the Boys Room,1974,1970s
Byron MacGregor,Americans,1974,1970s
Black Oak Arkansas,Jim Dandy,1974,1970s
Terry Jacks,Seasons in the Sun,1974,1970s
Tom T. Hall,I Love,1974,1970s
Wednesday,Last Kiss,1974,1970s
David Essex,Rock On,1974,1970s
Mocedades,Eres Tú (Touch the Wind),1974,1970s
Cliff DeYoung,My Sweet Lady,1974,1970s
Rick Derringer,"Rock and Roll, Hoochie Koo",1974,1970s
Blue Swede,Hooked on a Feeling,1974,1970s
Redbone,Come and Get Your Love,1974,1970s
Sister Janet Mead,The Lord's Prayer,1974,1970s
MFSB,TSOP (The Sound of Philadelphia),1974,1970s
Sami Jo,Tell Me a Lie,1974,1970s
Mike Oldfield,Tubular Bells,1974,1970s
Marvin Hamlisch,The Entertainer,1974,1970s
Maria Muldaur,Midnight at the Oasis,1974,1970s
William DeVaughn,Be Thankful For What You Got,1974,1970s
Dave Loggins,Please Come to Boston,1974,1970s
Paper Lace,The Night Chicago Died,1974,1970s
The Rubettes,Sugar Baby Love,1974,1970s
The First Class,Beach Baby,1974,1970s
Johnny Bristol,Hang on in There Baby,1974,1970s
George McCrae,Rock Your Baby,1974,1970s
Furay Band,Fallin' in Love,1974,1970s
Reunion,Life Is a Rock (But the Radio Rolled Me),1974,1970s
Billy Swan,I Can Help,1974,1970s
Jim Weatherly,The Need to Be,1974,1970s
Prelude,After the Gold Rush,1974,1970s
Carl Douglas,Kung Fu Fighting,1974,1970s
Shirley Brown,Woman to Woman,1974,1970s
Harry Chapin,Cat's in the Cradle,1974,1970s
Carol Douglas,Doctor's Orders,1975,1970s
Polly Brown,Up in a Puff of Smoke,1975,1970s
Sweet Sensation,Sad Sweet Dreamer,1975,1970s
Shirley & Company,"Shame, Shame, Shame",1975,1970s
Minnie Riperton,Loving You,1975,1970s
Phoebe Snow,Poetry Man,1975,1970s
Benny Bell,Shaving Cream,1975,1970s
Sammy Johns,Chevy Van,1975,1970s
Kraftwerk,Autobahn,1975,1970s
The Ozark Mountain Daredevils,Jackie Blue,1975,1970s
Ace,How Long,1975,1970s
Jessi Colter,I'm Not Lisa,1975,1970s
Major Harris,Love Won't Let Me Wait,1975,1970s
Pilot,Magic,1975,1970s
Van McCoy,The Hustle,1975,1970s
Gwen McCrae,Rockin' Chair,1975,1970s
Bazuka,Dynomite,1975,1970s
The Amazing Rhythm Aces,Third Rate Romance,1975,1970s
Johnny Wakelin & Kinshasa Band,Black Superman (Muhammad Ali),1975,1970s
Morris Albert,Feelings,1975,1970s
Pete Wingfield,Eighteen with a Bullet,1975,1970s
Jigsaw,Sky High,1975,1970s
Head East,Never Been Any Reason,1975,1970s
Leon Haywood,I Want'a Do Something Freaky to You,1975,1970s
5000 Volts,I'm on Fire,1975,1970s
Dwight Twilley Band,I'm on Fire,1975,1970s
C. W. McCall,Convoy,1976,1970s
The Road Apples,Let's Live Together,1976,1970s
Nazareth,Love Hurts,1976,1970s
Cate Brothers,Union Man,1976,1970s
Cledus Maggard & the Citizen's Band,The White Knight,1976,1970s
Larry Groce,Junk Food Junkie,1976,1970s
Roxy Music,Love is the Drug,1976,1970s
John Sebastian,Welcome Back,1976,1970s
Elvin Bishop,Fooled Around and Fell in Love,1976,1970s
Pratt & McClain,Happy Days,1976,1970s
Henry Gross,Shannon,1976,1970s
Brass Construction,Movin',1976,1970s
Cyndi Grecco,Making Our Dreams Come True,1976,1970s
Starland Vocal Band,Afternoon Delight,1976,1970s
Andrea True Connection,"More, More, More",1976,1970s
Thin Lizzy,The Boys Are Back In Town,1976,1970s
Starbuck,Moonlight Feels Right,1976,1970s
Keith Carradine,I'm Easy,1976,1970s
Vicki Sue Robinson,Turn the Beat Around,1976,1970s
Wild Cherry,Play That Funky Music,1976,1970s
Lady Flash,Street Singin',1976,1970s
Silver,Wham Bam,1976,1970s
Walter Murphy & The Big Apple Band,A Fifth of Beethoven,1976,1970s
Rick Dees and His Cast of Idiots,Disco Duck,1976,1970s
Norman Connors,You Are My Starship,1976,1970s
John Valenti,Anything You Want,1976,1970s
David Dundas,Jeans On,1977,1970s
Mary MacGregor,Torn Between Two Lovers,1977,1970s
Smokie,Living Next Door to Alice,1977,1970s
Silvetti,Spring Rain,1977,1970s
Cerrone,Love in C Minor,1977,1970s
David Soul,Don't Give Up on Us,1977,1970s
Thelma Houston,Don't Leave Me This Way,1977,1970s
William Bell,Tryin' to Love Two,1977,1970s
Stallion,Old Fashioned Boy (You're the One),1977,1970s
Starz,Cherry Baby,1977,1970s
Dean Friedman,Ariel,1977,1970s
Alan O'Day,Undercover Angel,1977,1970s
Hot,Angel in Your Arms,1977,1970s
Meri Wilson,Telephone Man,1977,1970s
Slave,Slide,1977,1970s
Ram Jam,Black Betty,1977,1970s
The Floaters,Float On,1977,1970s
Sanford-Townsend Band,Smoke from a Distant Fire,1977,1970s
Meco,Star Wars Theme/Cantina Band,1977,1970s
Debby Boone,You Light Up My Life,1977,1970s
Ronnie McDowell,The King Is Gone,1977,1970s
Dave Mason,We Just Disagree,1977,1970s
Paul Nicholas,Heaven on the 7th Floor,1977,1970s
High Inergy,You Can't Turn Me Off (In the Middle of Turning Me On),1977,1970s
Randy Newman,Short People,1978,1970s
Santa Esmeralda,Don't Let Me Be Misunderstood,1978,1970s
Odyssey,Native New Yorker,1978,1970s
Samantha Sang,Emotion,1978,1970s
LeBlanc and Carr,Falling,1978,1970s
Stargard,Theme Song from 'Which Way Is Up',1978,1970s
Rubicon,I'm Gonna Take Care of Everything,1978,1970s
Warren Zevon,Werewolves of London,1978,1970s
Michael Zager Band,Let's All Chant,1978,1970s
Patti Smith Group,Because The Night,1978,1970s
Celebration ft. Mike Love,Almost Summer,1978,1970s
Eruption,I Can't Stand The Rain,1978,1970s
Toby Beau,My Angel Baby,1978,1970s
Steve Martin & The Toot Uncommons,King Tut,1978,1970s
Walter Egan,Magnet and Steel,1978,1970s
Chris Rea,Fool (If You Think It's Over),1978,1970s
Exile,Kiss You All Over,1978,1970s
John Paul Young,Love Is in the Air,1978,1970s
City Boy,5.7.0.5.,1978,1970s
Nick Gilder,Hot Child in the City,1978,1970s
Stonebolt,I Will Still Love You,1978,1970s
Lindisfarne,Run for Home,1978,1970s
Alicia Bridges,I Love the Nightlife,1978,1970s
Ace Frehley,New York Groove,1979,1970s
Chanson,Don't Hold Back,1979,1970s
Cheryl Lynn,Got to Be Real,1979,1970s
Iain Matthews,Shake It,1979,1970s
Nicolette Larson,Lotta Love,1979,1970s
Gloria Gaynor,I Will Survive,1979,1970s
Bobby Caldwell,What You Won't Do For Love,1979,1970s
Giorgio Moroder,Chase,1979,1970s
Amii Stewart,Knock on Wood,1979,1970s
Bell & James,Livin' It Up (Friday Night),1979,1970s
Rickie Lee Jones,Chuck E's in Love,1979,1970s
Frank Mills,Music Box Dancer,1979,1970s
Ironhorse,Sweet Lui-Louise,1979,1970s
Suzi Quatro & Chris Norman,Stumblin' In,1979,1970s
Tycoon,Such a Woman,1979,1970s
Randy VanWarmer,Just When I Needed You Most,1979,1970s
Roger Voudouris,Get Used to It,1979,1970s
New England,Don't Ever Wanna Lose Ya,1979,1970s
Rex Smith,You Take My Breath Away,1979,1970s
Anita Ward,Ring My Bell,1979,1970s
David Naughton,Makin' It,1979,1970s
McFadden & Whitehead,Ain't No Stoppin' Us Now,1979,1970s
Pink Lady,Kiss in the Dark,1979,1970s
The Jones Girls,You Gonna Make Me Love Somebody Else,1979,1970s
Spyro Gyra,Morning Dance,1979,1970s
Bram Tchaikovsky,Girl of My Dreams,1979,1970s
Herman Brood,Saturday Night,1979,1970s
The Knack,My Sharona,1979,1970s
Nick Lowe,Cruel to Be Kind,1979,1970s
Sniff 'n' the Tears,Driver's Seat,1979,1970s
Patrick Hernandez,Born to Be Alive,1979,1970s
Moon Martin,Rolene,1979,1970s
Ian Gomm,Hold On,1979,1970s
The Crusaders,Street Life,1979,1970s
France Joli,Come To Me,1979,1970s
Lauren Wood,Please Don't Leave,1979,1970s
Niteflyte,If You Want It,1979,1970s
JD Souther,You're Only Lonely,1979,1970s
The Buggles,Video Killed the Radio Star,1979,1970s
Tom Johnston,Savannah Nights,1980,1980s
Sugarhill Gang,Rapper's Delight,1980,1980s
Steve Forbert,Romeo's Tune,1980,1980s
The Boomtown Rats,I Don't Like Mondays,1980,1980s
Utopia,Set Me Free,1980,1980s
Felix Cavaliere,Only a Lonely Heart Sees,1980,1980s
Charlie Dore,Pilot of the Airwaves,1980,1980s
Lipps Inc.,Funkytown,1980,1980s
Bernadette Peters,Gee Whiz,1980,1980s
Gary Numan,Cars,1980,1980s
Bruce Cockburn,Wondering Where the Lions Are,1980,1980s
Spider,New Romance (It's a Mystery),1980,1980s
Rodney Crowell,Ashes by Now,1980,1980s
Robbie Dupree,Steal Away,1980,1980s
Rick Pinette and Oak,King of the Hill,1980,1980s
Change,A Lover's Holiday,1980,1980s
Rocky Burnette,Tired of Toein' the Line,1980,1980s
S.O.S. Band,Take Your Time (Do It Right),1980,1980s
Fred Knoblock,Why Not Me,1980,1980s
Ali Thomson,Take a Little Rhythm,1980,1980s
Benny Mardones,Into the Night,1980,1980s
Johnny Lee,Lookin' for Love,1980,1980s
Larry Graham,One in a Million You,1980,1980s
Amy Holland,How Do I Survive,1980,1980s
Larsen-Feiten Band,Who'll Be the Fool Tonight,1980,1980s
Devo,Whip It,1980,1980s
Jimmy Hall,I'm Happy That Love Has Found You,1980,1980s
Nielsen/Pearson,If You Should Sail,1980,1980s
Roger Daltrey,Without Your Love,1980,1980s
The Vapors,Turning Japanese,1980,1980s
Don Williams,I Believe in You,1980,1980s
The Korgis,Everybody's Got to Learn Sometime,1980,1980s
Delbert McClinton,Giving It Up for Your Love,1981,1980s
Tierra,Together,1981,1980s
Lakeside,Fantastic Voyage,1981,1980s
Donnie Iris,Ah! Leah!,1981,1980s
Phil Seymour,Precious to Me,1981,1980s
Yarbrough & Peoples,Don't Stop The Music,1981,1980s
Terri Gibbs,Somebody's Knockin',1981,1980s
Grover Washington Jr.,Just the Two of Us,1981,1980s
Stars on 45,Medley,1981,1980s
John O'Banion,Love You Like I Never Loved Before,1981,1980s
Get Wet,Just So Lonely,1981,1980s
Franke and the Knockouts,Sweetheart,1981,1980s
Jesse Winchester,Say What,1981,1980s
Lee Ritenour,Is It You,1981,1980s
Carole Bayer Sager,Stronger Than Before,1981,1980s
Roseanne Cash,Seven Year Ache,1981,1980s
Stanley Clarke & George Duke,Sweet Baby,1981,1980s
Joey Scarbury,Theme from The Greatest American Hero (Believe It or Not),1981,1980s
John Schneider,It's Now or Never,1981,1980s
Frankie Smith,Double Dutch Bus,1981,1980s
Jim Steinman,Rock and Roll Dreams Come Through,1981,1980s
Robbie Patton,Don't Give It Up,1981,1980s
Red Rider,Lunatic Fringe,1981,1980s
Point Blank,Nicole,1981,1980s
Silver Condor,You Could Take My Heart Away,1981,1980s
Balance,Breaking Away,1981,1980s
The Afternoon Delights,General Hospi-Tale,1981,1980s
Diesel,Sausalito Summernight,1981,1980s
Chris Christian,"I Want You, I Need You",1981,1980s
Chilliwack,"My Girl (Gone, Gone, Gone)",1981,1980s
Steve Carlisle,WKRP in Cincinnati,1981,1980s
The Plimsouls,A Million Miles Away,1982,1980s
Tommy Tutone,867-5309/Jenny,1982,1980s
Sneaker,More Than Just the Two of Us,1982,1980s
Eddie Schwartz,All Our Tomorrows,1982,1980s
Skyy,Call Me,1982,1980s
Prism,Don't Let Him Know,1982,1980s
Buckner and Garcia,Pac-Man Fever,1982,1980s
Bob and Doug McKenzie,Take Off,1982,1980s
Dr. Jeckyll & Mr. Hyde,Genius Rap,1982,1980s
Josie Cotton,Johnny Are You Queer?,1982,1980s
Bertie Higgins,Key Largo,1982,1980s
LeRoux,Nobody Said It Was Easy,1982,1980s
Junior,Mama Used to Say,1982,1980s
Tom Tom Club,Genius of Love,1982,1980s
Greg Guidry,Goin' Down,1982,1980s
Vangelis,Chariots of Fire,1982,1980s
Charlene,I've Never Been to Me,1982,1980s
Bow Wow Wow,I Want Candy,1982,1980s
Aldo Nova,Fantasy,1982,1980s
Chéri,Murphy's Law,1982,1980s
Rainbow,Stone Cold,1982,1980s
Patrice Rushen,Forget Me Nots,1982,1980s
Dazz Band,Let It Whip,1982,1980s
The Monroes,What Do All The People Know,1982,1980s
Soft Cell,Tainted Love,1982,1980s
Larry Elgart and His Manhattan Swing Orchestra,Hooked on Swing,1982,1980s
Eye to Eye,Nice Girls,1982,1980s
The Waitresses,I Know What Boys Like,1982,1980s
Karla Bonoff,Personally,1982,1980s
Haircut One Hundred,Love Plus One,1982,1980s
Leslie Pearl,If the Love Fits Wear It,1982,1980s
Jennifer Holliday,And I Am Telling You I'm Not Going,1982,1980s
Marshall Crenshaw,"Someday, Someway",1982,1980s
Frank Zappa,Valley Girl,1982,1980s
Tane Cain,Holdin' On,1982,1980s
A Flock of Seagulls,I Ran (So Far Away),1982,1980s
Sylvia,Nobody,1982,1980s
Donald Fagen,I.G.Y. (What a Beautiful World),1982,1980s
Toni Basil,Mickey,1982,1980s
The Weather Girls,It's Raining Men,1983,1980s
Modern English,I Melt with You,1983,1980s
Moving Pictures,What About Me,1983,1980s
Pia Zadora,Clapping Song,1983,1980s
Musical Youth,Pass The Dutchie,1983,1980s
Saga,On the Loose,1983,1980s
Vandenberg,Burning Heart,1983,1980s
Rodney Dangerfield,Rappin' Rodney,1983,1980s
Frida,I Know There's Something Going On,1983,1980s
Toto Coelo,I Eat Cannibals,1983,1980s
Michael Sembello,Maniac,1983,1980s
Dexys Midnight Runners,Come On Eileen,1983,1980s
OXO,Whirly Girl,1983,1980s
After the Fire,Der Kommissar,1983,1980s
Wall of Voodoo,Mexican Radio,1983,1980s
Gary Portnoy,Where Everybody Knows Your Name,1983,1980s
Patrick Simmons,So Wrong,1983,1980s
Thomas Dolby,She Blinded Me with Science,1983,1980s
Robert Ellis Orrall and Carlene Carter,I Couldn't Say No,1983,1980s
Naked Eyes,(There's) Always Something There to Remind Me,1983,1980s
Jim Capaldi,That's Love,1983,1980s
Ebn Ozn,AEIOU Sometimes Y,1983,1980s
Eddy Grant,Electric Avenue,1983,1980s
Kajagoogoo,Too Shy,1983,1980s
Madness,Our House,1983,1980s
Martin Briley,The Salt in My Tears,1983,1980s
Charlie,It's Inevitable,1983,1980s
Taco,Puttin' On the Ritz,1983,1980s
Men Without Hats,The Safety Dance,1983,1980s
Frank Stallone,Far From Over,1983,1980s
Spandau Ballet,True,1983,1980s
Klique,Stop Doggin' Me Around,1983,1980s
Agnetha Fältskog,Can't Shake Loose,1983,1980s
JoBoxers,Just Got Lucky,1983,1980s
Big Country,In a Big Country,1983,1980s
Peter Schilling,Major Tom (Coming Home),1983,1980s
Matthew Wilder,Break My Stride,1984,1980s
Jump 'n the Saddle Band,The Curly Shuffle,1984,1980s
Deborah Allen,Baby I Lied,1984,1980s
Bronski Beat,Smalltown Boy,1984,1980s
Rockwell,Somebody's Watching Me,1984,1980s
Shannon,Let the Music Play,1984,1980s
Nena,99 Luftballons/99 Red Balloons,1984,1980s
Re-Flex,The Politics of Dancing,1984,1980s
Tracey Ullman,They Don't Know,1984,1980s
Laid Back,White Horse,1984,1980s
Talk Talk,It's My Life,1984,1980s
Nik Kershaw,Wouldn't It Be Good,1984,1980s
The Style Council,My Ever Changing Moods,1984,1980s
The Icicle Works,Birds Fly (Whisper to a Scream),1984,1980s
Van Stephenson,Modern Day Delilah,1984,1980s
Mike Reno,Almost Paradise,1984,1980s
Face to Face,10-9-8,1984,1980s
Ollie & Jerry,Breakin'... There's No Stopping Us,1984,1980s
Scandal,The Warrior,1984,1980s
Dwight Twilley,Girls,1984,1980s
Twisted Sister,We're Not Gonna Take It,1984,1980s
John Waite,Missing You,1984,1980s
Maria Vidal,Body Rock,1984,1980s
Romeo Void,A Girl in Trouble (Is a Temporary Thing),1984,1980s
Dennis DeYoung,Desert Moon,1984,1980s
Jennifer Rush,The Power of Love,1984,1980s
Sam Harris,Sugar Don't Bite,1984,1980s
Tommy Shaw,Girls with Guns,1984,1980s
Rebbie Jackson,Centipede,1984,1980s
Jack Wagner,All I Need,1985,1980s
Animotion,Obsession,1985,1980s
Philip Bailey,Easy Lover,1985,1980s
Giuffria,Call to the Heart,1985,1980s
Midnight Star,Operator,1985,1980s
John Hunter,Tragedy,1985,1980s
General Public,Tenderness,1985,1980s
Murray Head,One Night in Bangkok,1985,1980s
Frankie Goes to Hollywood,Relax,1985,1980s
Autograph,Turn Up the Radio,1985,1980s
USA for Africa,We Are the World,1985,1980s
The Firm,Radioactive,1985,1980s
Robin George,Heartline,1985,1980s
Eddie Murphy,Party All the Time,1985,1980s
Harold Faltermeyer,Axel F,1985,1980s
Alison Moyet,Invisible,1985,1980s
Mary Jane Girls,In My House,1985,1980s
Limahl,The NeverEnding Story,1985,1980s
Graham Parker & the Shot,Wake Up (Next to You),1985,1980s
Katrina and the Waves,Walking on Sunshine,1985,1980s
John Parr,St. Elmo's Fire (Man in Motion),1985,1980s
'Til Tuesday,Voices Carry,1985,1980s
Paul Hardcastle,19,1985,1980s
Cock Robin,When Your Heart is Weak,1985,1980s
Dead or Alive,You Spin Me Round (Like a Record),1985,1980s
Billy Crystal,You Look Marvelous,1985,1980s
Godley & Creme,Cry,1985,1980s
Jan Hammer,Miami Vice Theme,1985,1980s
Kate Bush,Running Up That Hill,1985,1980s
Starpoint,Object of My Desire,1985,1980s
Scritti Politti,Perfect Way,1985,1980s
Clarence Clemons,You're a Friend of Mine,1986,1980s
Ta Mara and the Seen,Everybody Dance,1986,1980s
The Dream Academy,Life in a Northern Town,1986,1980s
Baltimora,Tarzan Boy,1986,1980s
Charlie Sexton,Beat's So Lonely,1986,1980s
Robert Tepper,No Easy Way Out,1986,1980s
Falco,Rock Me Amadeus,1986,1980s
Opus,Live is Life,1986,1980s
Sly Fox,Let's Go All The Way,1986,1980s
Force MDs,Tender Love,1986,1980s
Honeymoon Suite,Feel It Again,1986,1980s
The Outfield,Your Love,1986,1980s
Nu Shooz,I Can't Wait,1986,1980s
Boys Don't Cry,I Wanna Be a Cowboy,1986,1980s
Models,"Out of Mind, Out of Sight",1986,1980s
The Fabulous Thunderbirds,Tuff Enuff,1986,1980s
Stacey Q,Two of Hearts,1986,1980s
GTR,When the Heart Rules the Mind,1986,1980s
The Blow Monkeys,Digging Your Scene,1986,1980s
Device,Hanging on a Heart Attack,1986,1980s
Jermaine Stewart,We Don't Have to Take Our Clothes Off,1986,1980s
Timex Social Club,Rumors,1986,1980s
Gavin Christopher,One Step Closer to You,1986,1980s
Regina,Baby Love,1986,1980s
Berlin,Take My Breath Away,1986,1980s
Double,Captain of Her Heart,1986,1980s
Gloria Loring,Friends and Lovers,1986,1980s
Don Johnson,Heartbeat,1986,1980s
"Oran ""Juice"" Jones",The Rain,1986,1980s
Ric Ocasek,Emotion in Motion,1986,1980s
David & David,Welcome to the Boomtown,1986,1980s
Timbuk 3,"The Future's So Bright, I Gotta Wear Shades",1986,1980s
Nancy Martinez,For Tonight,1986,1980s
Robbie Nevil,C'est La Vie,1987,1980s
Gregory Abbott,Shake You Down,1987,1980s
Billy Vera,At This Moment,1987,1980s
Benjamin Orr,Stay The Night,1987,1980s
The Georgia Satellites,Keep Your Hands to Yourself,1987,1980s
Chico DeBarge,Talk to Me,1987,1980s
Jeff Lorber ft. Karyn White,Facts of Love,1987,1980s
Bruce Willis,Respect Yourself,1987,1980s
Cutting Crew,(I Just) Died in Your Arms,1987,1980s
The Communards,Don't Leave Me This Way,1987,1980s
Club Nouveau,Lean on Me,1987,1980s
XTC,Dear God,1987,1980s
Hipsway,The Honeythief,1987,1980s
Robert Cray Band,Smoking Gun,1987,1980s
World Party,Ship of Fools,1987,1980s
Donna Allen,Serious,1987,1980s
Chris de Burgh,The Lady in Red,1987,1980s
The Psychedelic Furs,Heartbreak Beat,1987,1980s
Breakfast Club,Right on Track,1987,1980s
Company B,Fascinated,1987,1980s
Paul Lekakis,Boom Boom (Let's Go Back to My Room),1987,1980s
The System,Don't Disturb This Groove,1987,1980s
Pseudo Echo,Funkytown,1987,1980s
The Nylons,Kiss Him Goodbye,1987,1980s
Yello,Oh Yeah,1987,1980s
T'Pau,Heart and Soul,1987,1980s
Living in a Box,Living in a Box,1987,1980s
Danny Wilson,Mary's Prayer,1987,1980s
Pretty Poison,Catch Me (I'm Falling),1987,1980s
The Other Ones,Holiday,1987,1980s
LeVert,Casanova,1987,1980s
Timothy B. Schmit,Boys Night Out,1987,1980s
Wa Wa Nee,Sugar Free,1987,1980s
Swing Out Sister,Breakout,1987,1980s
Bill Medley and Jennifer Warnes,(I've Had) The Time of My Life,1987,1980s
Bourgeois Tagg,I Don't Mind At All,1987,1980s
Kane Gang,Motortown,1987,1980s
Stryper,Honestly,1988,1980s
Buster Poindexter,Hot Hot Hot,1988,1980s
Roger,I Want to Be Your Man,1988,1980s
MARRS,Pump Up The Volume,1988,1980s
Patrick Swayze,She's Like the Wind,1988,1980s
Scarlett & Black,You Don't Know,1988,1980s
Morris Day,Fishnet,1988,1980s
Bryan Ferry,Kiss and Tell,1988,1980s
Dan Reed Network,Ritual,1988,1980s
Suave,My Girl,1988,1980s
Johnny Hates Jazz,Shattered Dreams,1988,1980s
The Deele,Two Occasions,1988,1980s
Times Two,Strange but True,1988,1980s
E.U.,Da' Butt,1988,1980s
Brenda K. Starr,I Still Believe,1988,1980s
Bardeux,When We Kiss,1988,1980s
Brenda Russell,Piano in the Dark,1988,1980s
The Church,Under the Milky Way,1988,1980s
J.J. Fad,Supersonic,1988,1980s
Midnight Oil,Beds Are Burning,1988,1980s
Ziggy Marley and The Melody Makers,Tomorrow People,1988,1980s
Al B. Sure!,Nite and Day,1988,1980s
Jane Wiedlin,Rush Hour,1988,1980s
Climie Fisher,Love Changes (Everything),1988,1980s
Johnny Kemp,Just Got Paid,1988,1980s
Denise Lopez,Sayin' Sorry (Don't Make It Right),1988,1980s
Bobby McFerrin,"Don't Worry, Be Happy",1988,1980s
Information Society,What's On Your Mind (Pure Energy),1988,1980s
Rob Base & DJ E-Z Rock,It Takes Two,1988,1980s
Giant Steps,Another Lover,1988,1980s
Vixen,Edge of a Broken Heart,1988,1980s
Will to Power,"Baby, I Love Your Way/Freebird Medley",1988,1980s
When in Rome,The Promise,1988,1980s
Ivan Neville,Not Just Another Girl,1988,1980s
Judson Spence,"Yeah, Yeah, Yeah",1988,1980s
Boy Meets Girl,Waiting for a Star to Fall,1988,1980s
Boys Club,I Remember Holding You,1989,1980s
Sheriff,When I'm with You,1989,1980s
Edie Brickell & New Bohemians,What I Am,1989,1980s
Kon Kan,I Beg Your Pardon (I Never Promised You a Rose Garden),1989,1980s
Enya,Orinoco Flow (Sail Away),1989,1980s
Michael Damian,Rock On,1989,1980s
Was (Not Was),Walk the Dinosaur,1989,1980s
Sa-Fire,Thinking of You,1989,1980s
The Belle Stars,Iko Iko,1989,1980s
One 2 Many,Downtown,1989,1980s
Jimmy Harnen with Synch,Where Are You Now?,1989,1980s
Roachford,Cuddly Toy,1989,1980s
Waterfront,Cry,1989,1980s
Neneh Cherry,Buffalo Stance,1989,1980s
Martika,Toy Soldiers,1989,1980s
De La Soul,Me Myself and I,1989,1980s
Love and Rockets,So Alive,1989,1980s
Jeff Healey,Angel Eyes,1989,1980s
Grayson Hugh,Talk It Over,1989,1980s
Young MC,Bust a Move,1989,1980s
Sybil,Don't Make Me Over,1989,1980s
Kix,Don't Close Your Eyes,1989,1980s
Jive Bunny & The Mastermixers,Swing the Mood,1990,1990s
Shana,I Want You,1990,1990s
Technotronic,Pump Up the Jam,1990,1990s
Biz Markie,Just a Friend,1990,1990s
D Mob ft. Cathy Dennis,C'mon and Get My Love,1990,1990s
Alannah Myles,Black Velvet,1990,1990s
Michael Penn,No Myth,1990,1990s
The Brat Pack,You're the Only Woman,1990,1990s
Jane Child,Don't Wanna Fall in Love,1990,1990s
The U-Krew,If U Were Mine,1990,1990s
Sinead O'Connor,Nothing Compares 2 U,1990,1990s
A'Me Lorain,Whole Wide World,1990,1990s
Calloway,I Wanna Be Rich,1990,1990s
Faster Pussycat,House of Pain,1990,1990s
Electronic,Getting Away With It,1990,1990s
Perfect Gentlemen,Ooh La La (I Can't Get Over You),1990,1990s
Digital Underground,The Humpty Dance,1990,1990s
Partners in Kryme,Turtle Power!,1990,1990s
Giant,I'll See You in My Dreams,1990,1990s
Whistle,Always and Forever,1990,1990s
Brent Bourgeois,Dare to Fall in Love,1990,1990s
L.A. Guns,The Ballad of Jayne,1990,1990s
Louie Louie,Sittin' in the Lap of Luxury,1990,1990s
Nikki,Notice Me,1990,1990s
Mellow Man Ace,Mentirosa,1990,1990s
George Lamond,Bad of the Heart,1990,1990s
The Lightning Seeds,Pure,1990,1990s
Tyler Collins,Girls Nite Out,1990,1990s
Brother Beyond,The Girl I Used to Know,1990,1990s
Kyper,Tic-Tac-Toe,1990,1990s
Faith No More,Epic,1990,1990s
Indecent Obsession,Tell Me Something,1990,1990s
The Adventures of Stevie V,Dirty Cash (Money Talks),1990,1990s
Vanilla Ice,Ice Ice Baby,1990,1990s
Candyman,Knockin' Boots,1990,1990s
Concrete Blonde,Joey,1990,1990s
Deee-Lite,Groove Is in the Heart,1990,1990s
Soho,Hippychick,1990,1990s
2 in a Room,Wiggle It,1990,1990s
DNA,Tom's Diner,1990,1990s
Iggy Pop,Candy,1991,1990s
Urban Dance Squad,Deeper Shade of Soul,1991,1990s
Chris Isaak,Wicked Game,1991,1990s
Timmy T,One More Try,1991,1990s
Oleta Adams,Get Here,1991,1990s
Father M.C.,I'll Do 4 U,1991,1990s
Susanna Hoffs,My Side of the Bed,1991,1990s
Lisette Melendez,Together Forever,1991,1990s
Londonbeat,I've Been Thinking About You,1991,1990s
Gerardo,Rico Suave,1991,1990s
Mr. Big,To Be With You,1991,1990s
Bingoboys ft. Princessa,How to Dance,1991,1990s
Harriet,Temple of Love,1991,1990s
Keedy,Save Some Love,1991,1990s
Monie Love,It's a Shame (My Sister),1991,1990s
Divinyls,I Touch Myself,1991,1990s
The Triplets,You Don't Have to Go Home Tonight,1991,1990s
Riff,My Heart Is Failing Me,1991,1990s
LaTour,People Are Still Having Sex,1991,1990s
Queensrÿche,Silent Lucidity,1991,1990s
The Rude Boys,Written All Over Your Face,1991,1990s
Kane Roberts,Does Anybody Really Fall in Love Anymore?,1991,1990s
Lisa Fischer,How Can I Ease the Pain,1991,1990s
Marc Cohn,Walking in Memphis,1991,1990s
Steelheart,I'll Never Let You Go (Angel Eyes),1991,1990s
Yo-Yo,You Can't Play with My Yo-Yo,1991,1990s
David A. Stewart ft. Candy Dulfer,Lily Was Here,1991,1990s
Keith Washington,Kissing You,1991,1990s
EMF,Unbelievable,1991,1990s
The La's,There She Goes,1991,1990s
Corina,Temptation,1991,1990s
Desmond Child,Love on a Rooftop,1991,1990s
3rd Bass,Pop Goes the Weasel,1991,1990s
Jomanda,Got a Love for You,1991,1990s
TAMI Show,The Truth,1991,1990s
Tim Dog,Fuck Compton,1991,1990s
Natural Selection,Do Anything,1991,1990s
Siouxsie and the Banshees,Kiss Them for Me,1991,1990s
Billy Falcon,Power Windows,1991,1990s
Chesney Hawkes,The One and Only,1991,1990s
Jasmine Guy,Just Want to Hold You,1991,1990s
Russ Irwin,My Heart Belongs to You,1991,1990s
Tony Terry,With You,1991,1990s
Big Audio Dynamite II,Rush,1991,1990s
Curtis Stigers,I Wonder Why,1991,1990s
Angelica,Angel Baby,1992,1990s
The Party,In My Dreams,1992,1990s
The Storm,I've Got a Lot to Learn About Love,1992,1990s
Kym Sims,Too Blind to See It,1992,1990s
Right Said Fred,I'm Too Sexy,1992,1990s
A Lighter Shade of Brown,On a Sunday Afternoon,1992,1990s
The Shamen,Move Any Mountain (Progen 91),1992,1990s
RTZ,Until Your Love Comes Back Around,1992,1990s
MC Brains,Oochie Coochie,1992,1990s
Kris Kross,Jump,1992,1990s
Kathy Troccoli,Everything Changes,1992,1990s
Chris Walker,Take Time,1992,1990s
Cause and Effect,You Think You Know Her,1992,1990s
Joe Public,Live and Learn,1992,1990s
Lidell Townsell,Nu Nu,1992,1990s
Sir Mix-A-Lot,Baby Got Back,1992,1990s
Billy Ray Cyrus,Achy Breaky Heart,1992,1990s
Das EFX,They Want EFX,1992,1990s
Rozalla,Everybody's Free (To Feel Good),1992,1990s
Tom Cochrane,Life Is a Highway,1992,1990s
Shakespears Sister,Stay,1992,1990s
The Soup Dragons,Divine Thing,1992,1990s
House of Pain,Jump Around,1992,1990s
k.d lang,Constant Craving,1992,1990s
K.W.S.,Please Don't Go,1992,1990s
Charles & Eddie,Would I Lie To You?,1992,1990s
The Heights,How Do You Talk to an Angel,1992,1990s
Trey Lorenz,Someone to Hold,1992,1990s
Saigon Kick,Love Is On the Way,1992,1990s
Wreckx-n-Effect,Rump Shaker,1992,1990s
Mad Cobra,Flex,1993,1990s
N2Deep,Back to the Hotel,1993,1990s
Dan Baird,I Love You Period,1993,1990s
The S.O.U.L. S.Y.S.T.E.M. ft. Michelle Visage,It's Gonna Be a Lovely Day,1993,1990s
Lo-Key?,I Got a Thang 4 Ya!,1993,1990s
Portrait,Here We Go Again!,1993,1990s
Boy Krazy,That's What Love Can Do,1993,1990s
Digable Planets,Rebirth of Slick (Cool Like Dat),1993,1990s
Snow,Informer,1993,1990s
Positive K,I Got a Man,1993,1990s
Paperboy,Ditty,1993,1990s
Sunscreem,Love U More,1993,1990s
Joey Lawrence,Nothin' My Love Can't Fix,1993,1990s
Tasmin Archer,Sleeping Satellite,1993,1990s
Robin S.,Show Me Love,1993,1990s
Green Jellÿ,Three Little Pigs,1993,1990s
Captain Hollywood Project,More and More,1993,1990s
Duice,Dazzey Duks,1993,1990s
Tag Team,Whoomp! (There It Is),1993,1990s
U.N.V.,Something's Goin' On,1993,1990s
95 South,"Whoot, There It Is",1993,1990s
4 Non Blondes,What's Up?,1993,1990s
Fu-Schnickens,What's Up Doc? (Can We Rock),1993,1990s
The Proclaimers,I'm Gonna Be (500 Miles),1993,1990s
Onyx,Slam,1993,1990s
Soul Asylum,Runaway Train,1993,1990s
Cypress Hill,Insane in the Brain,1993,1990s
Haddaway,What Is Love,1993,1990s
Blind Melon,No Rain,1993,1990s
Intro,Come Inside,1993,1990s
DRS,Gangsta Lean,1993,1990s
Culture Beat,Mr. Vain,1994,1990s
Gabrielle,Dreams,1994,1990s
Queen Latifah,U.N.I.T.Y.,1994,1990s
The Breeders,Cannonball,1994,1990s
Us3,Cantaloop (Flip Fantasia),1994,1990s
Eternal,Stay,1994,1990s
Crash Test Dummies,Mmm Mmm Mmm Mmm,1994,1990s
12 Gauge,Dunkie Butt,1994,1990s
Beck,Loser,1994,1990s
Masta Ace Incorporated,Born to Roll,1994,1990s
Big Mountain,"Baby, I Love Your Way",1994,1990s
M People,Moving On Up,1994,1990s
Ahmad,Back in the Day,1994,1990s
Lisa Loeb,Stay (I Missed You),1994,1990s
The Puppies,Funky Y-2-C,1994,1990s
Public Enemy,Give It Up,1994,1990s
The Lady of Rage,Afro Puffs,1994,1990s
Meshell Ndegeocello,Wild Night,1994,1990s
Candlebox,Far Behind,1994,1990s
Lucas,Lucas with the Lid Off,1994,1990s
Craig Mack,Flava In Ya Ear,1994,1990s
B.M.U. (Black Men United),U Will Know,1994,1990s
Ini Kamoze,Here Comes the Hotstepper,1994,1990s
69 Boyz,Tootsee Roll,1995,1990s
20 Fingers ft. Gillette,Short Dick Man,1995,1990s
Deadeye Dick,New Age Girl,1995,1990s
Corona,The Rhythm of the Night,1995,1990s
4 P.M.,Sukiyaki,1995,1990s
Andru Donalds,Mishale,1995,1990s
N II U,I Miss You,1995,1990s
Des'ree,You Gotta Be,1995,1990s
2 Unlimited,Get Ready for This,1995,1990s
Subway,This Lil' Game We Play,1995,1990s
Jamie Walters,Hold On,1995,1990s
Dionne Farris,I Know,1995,1990s
Adina Howard,Freak like Me,1995,1990s
Martin Page,In the House of Stone and Light,1995,1990s
Rednex,Cotton Eye Joe,1995,1990s
Kut Klose,I Like,1995,1990s
Nicki French,Total Eclipse of the Heart,1995,1990s
Better Than Ezra,Good,1995,1990s
MoKenStef,He's Mine,1995,1990s
Skee-Lo,I Wish,1995,1990s
Luniz ft. Michael Marshall,I Got 5 on It,1995,1990s
Silverchair,Tomorrow,1995,1990s
The Rembrandts,I'll Be There For You,1995,1990s
Del Amitri,Roll to Me,1995,1990s
Groove Theory,Tell Me,1995,1990s
Take That,Back for Good,1995,1990s
Edwyn Collins,A Girl Like You,1995,1990s
Toadies,Possum Kingdom,1995,1990s
Deep Blue Something,Breakfast at Tiffany's,1996,1990s
Joan Osborne,One of Us,1996,1990s
The Folk Implosion,Natural One,1996,1990s
Everything but the Girl,Missing,1996,1990s
Seven Mary Three,Cumbersome,1996,1990s
Oasis,Wonderwall,1996,1990s
The Tony Rich Project,Nobody Knows,1996,1990s
Lina Santiago,Feels So Good (Show Me Your Love),1996,1990s
Chantay Savage,I Will Survive,1996,1990s
The Nixons,Sister,1996,1990s
Nonchalant,5 O'Clock,1996,1990s
Spacehog,In the Meantime,1996,1990s
BoDeans,Closer to Free,1996,1990s
Tina Arena,Chains,1996,1990s
Jann Arden,Insensitive,1996,1990s
Dog's Eye View,Everything Falls Apart,1996,1990s
Jars of Clay,Flood,1996,1990s
Tracy Bonham,Mother Mother,1996,1990s
Delinquent Habits,Tres Delinquentes,1996,1990s
Crucial Conflict,Hay,1996,1990s
Robert Miles,Children,1996,1990s
Butthole Surfers,Pepper,1996,1990s
Los Del Rio,Macarena,1996,1990s
Quad City DJ's,C'mon N' Ride It (The Train),1996,1990s
Dishwalla,Counting Blue Cars,1996,1990s
Ghost Town DJ's,My Boo,1996,1990s
Donna Lewis,I Love You Always Forever,1996,1990s
Mista,Blackberry Molasses,1996,1990s
Primitive Radio Gods,Standing Outside a Broken Phone Booth with Money in My Hand,1996,1990s
Eels,Novocaine for the Soul,1996,1990s
Merril Bainbridge,Mouth,1996,1990s
Camp Lo,Luchini AKA This Is It,1997,1990s
Gina G,Ooh Aah... Just a Little Bit,1997,1990s
The Blackout All-Stars,I Like It,1997,1990s
The Cardigans,Lovefool,1997,1990s
Tracey Lee,The Theme (It's Party Time),1997,1990s
The Prodigy,Firestarter,1997,1990s
DJ Kool,Let Me Clear My Throat,1997,1990s
Luscious Jackson,Naked Eye,1997,1990s
B-Rock and the Bizz,My Baby Daddy,1997,1990s
White Town,Your Woman,1997,1990s
Duncan Sheik,Barely Breathing,1997,1990s
Freak Nasty,Da' Dip,1997,1990s
The Wallflowers,One Headlight,1997,1990s
Hanson,MMMBop,1997,1990s
Mark Morrison,Return of the Mack,1997,1990s
The Verve Pipe,The Freshmen,1997,1990s
Bob Carlisle,Butterfly Kisses,1997,1990s
Raybon Brothers,Butterfly Kisses,1997,1990s
Meredith Brooks,Bitch,1997,1990s
OMC,How Bizarre,1997,1990s
Shawn Colvin,Sunny Came Home,1997,1990s
Sister Hazel,All for You,1997,1990s
Aqua,Barbie Girl,1997,1990s
Mr. President,Coco Jamboo,1997,1990s
Peach Union,On My Own,1997,1990s
The Mighty Mighty Bosstones,The Impression That I Get,1997,1990s
Imani Coppola,Legend of a Cowgirl,1997,1990s
Allure,All Cried Out,1997,1990s
Somethin' for the People,My Love Is the Shhh!,1997,1990s
Chumbawamba,Tubthumping,1997,1990s
Fiona Apple,Criminal,1997,1990s
LSG,My Body,1997,1990s
Tonic,If You Could Only See,1997,1990s
She Moves,Breaking All The Rules,1997,1990s
Nu Flavor,Heaven,1998,1990s
Alana Davis,32 Flavors,1998,1990s
Uncle Sam,I Don't Ever Want to See You Again,1998,1990s
Billie Myers,Kiss the Rain,1998,1990s
Ben Folds Five,Brick,1998,1990s
K.P. & Envyi,Swing My Way,1998,1990s
Jimmy Ray,Are You Jimmy Ray?,1998,1990s
Loreena McKennitt,The Mummers' Dance,1998,1990s
Lord Tariq and Peter Gunz,Deja Vu (Uptown Baby),1998,1990s
The Verve,Bitter Sweet Symphony,1998,1990s
Sylk-E. Fyne ft. Chill,Romeo and Juliet,1998,1990s
Marcy Playground,Sex and Candy,1998,1990s
Canibus,Second Round K.O.,1998,1990s
Playa,Cheers 2 U,1998,1990s
Link,Whatcha Gone Do?,1998,1990s
Imajin ft. Keith Murray,Shorty (You Keep Playin' with My Mind),1998,1990s
Jimmy Page,Come With Me,1998,1990s
Nicole ft. Mocha,Make It Hot,1998,1990s
Five,When the Lights Go Out,1998,1990s
Cleopatra,Cleopatra's Theme,1998,1990s
Pras,Ghetto Supastar,1998,1990s
Semisonic,Closing Time,1998,1990s
Harvey Danger,Flagpole Sitta,1998,1990s
Jennifer Paige,Crush,1998,1990s
Tatyana Ali,Daydreamin',1998,1990s
Pressha,Splackavellie,1998,1990s
The Brian Setzer Orchestra,"Jump, Jive an' Wail",1998,1990s
Everything,Hooch,1998,1990s
Divine,Lately,1998,1990s
Natalie Imbruglia,Torn,1998,1990s
Eve 6,Inside Out,1998,1990s
Shawn Mullins,Lullaby,1999,1990s
Eagle-Eye Cherry,Save Tonight,1999,1990s
New Radicals,You Get What You Give,1999,1990s
Jesse Powell,You,1999,1990s
Joey McIntyre,Stay the Same,1999,1990s
B*Witched,C'est la Vie,1999,1990s
Baz Luhrmann,Everybody's Free (To Wear Sunscreen),1999,1990s
Vengaboys,We Like to Party!,1999,1990s
Sixpence None the Richer,Kiss Me,1999,1990s
Jordan Knight,Give It to You,1999,1990s
Everlast,What It's Like,1999,1990s
JT Money,Who Dat,1999,1990s
Fatboy Slim,Praise You,1999,1990s
Lit,My Own Worst Enemy,1999,1990s
Sporty Thievz,No Pigeons,1999,1990s
Eric Benét,Spend My Life with You,1999,1990s
Citizen King,Better Days (And the Bottom Drops Out),1999,1990s
LFO,Summer Girls,1999,1990s
Tal Bachman,She's So High,1999,1990s
Chely Wright,Single White Female,1999,1990s
Garth Brooks as Chris Gaines,Lost in You,1999,1990s
Lil' Troy,Wanna Be a Baller,1999,1990s
Lou Bega,Mambo No. 5,1999,1990s
Len,Steal My Sunshine,1999,1990s
B.G.,Bling Bling,1999,1990s
Ideal,Get Gone,1999,1990s
Kevon Edmonds,24/7,1999,1990s
Marc Nelson,15 Minutes,1999,1990s
M2M,Don't Say You Love Me,2000,2000s
Eiffel 65,Blue (Da Ba Dee),2000,2000s
Filter,Take a Picture,2000,2000s
J-Shin ft. LaTocha Scott,One Night Stand,2000,2000s
The Product G&B,Maria Maria,2000,2000s
Hoku,Another Dumb Blonde,2000,2000s
Bloodhound Gang,The Bad Touch,2000,2000s
Sonique,It Feels So Good,2000,2000s
504 Boyz,Wobble Wobble,2000,2000s
Carl Thomas,I Wish,2000,2000s
Mary Mary,Shackles (Praise You),2000,2000s
Macy Gray,I Try,2000,2000s
Alice Deejay,Better Off Alone,2000,2000s
Westlife,Swear It Again,2000,2000s
Chad Brock,Yes!,2000,2000s
Wheatus,Teenage Dirtbag,2000,2000s
Nine Days,Absolutely (Story of a Girl),2000,2000s
SR-71,Right Now,2000,2000s
BBMak,Back Here,2000,2000s
Lucy Pearl,Dance Tonight,2000,2000s
Son by Four,Purest of Pain (A Puro Dolor),2000,2000s
Zombie Nation,Kernkraft 400,2000,2000s
Ruff Endz,No More,2000,2000s
Billy Gilman,One Voice,2000,2000s
soulDecision,Faded,2000,2000s
Aaron Carter,Aaron's Party (Come Get It),2000,2000s
Kandi,Don't Think I'm Not,2000,2000s
Baha Men,Who Let the Dogs Out?,2000,2000s
Profyle,Liar,2000,2000s
Samantha Mumba,Gotta Tell You,2000,2000s
Dream,He Loves U Not,2000,2000s
Debelah Morgan,Dance with Me,2001,2000s
Mikaila,So in Love with Two,2001,2000s
DJ Casper AKA Mr C The Slide Man,Cha Cha Slide,2001,2000s
Lee Ann Womack,I Hope You Dance,2001,2000s
Evan and Jaron,Crazy for This Girl,2001,2000s
Crazy Town,Butterfly,2001,2000s
Eden's Crush,Get Over Yourself,2001,2000s
ATC,Around the World (La La La La La),2001,2000s
Modjo,Lady (Hear Me Tonight),2001,2000s
3LW,No More (Baby I'ma Do Right),2001,2000s
Jessica Andrews,Who I Am,2001,2000s
The Corrs,Breathless,2001,2000s
S Club 7,Never Had a Dream Come True,2001,2000s
Sunshine Anderson,Heard It All Before,2001,2000s
City High,What Would You Do?,2001,2000s
Moby,South Side,2001,2000s
Lil Romeo,My Baby,2001,2000s
Blu Cantrell,Hit 'Em Up Style (Oops!),2001,2000s
Jimmy Cozier,She's All I Got,2001,2000s
American Hi-Fi,Flavor of the Weak,2001,2000s
Incubus,Drive,2001,2000s
Willa Ford,I Wanna Be Bad,2001,2000s
Darude,Sandstorm,2001,2000s
The Wiseguys,Start the Commotion,2001,2000s
Afroman,Because I Got High,2001,2000s
Cyndi Thomson,What I Really Meant to Say,2001,2000s
Lee Greenwood,God Bless the U.S.A.,2001,2000s
Alien Ant Farm,Smooth Criminal,2001,2000s
Toya,I Do!!,2001,2000s
The Calling,Wherever You Will Go,2002,2000s
Mr. Cheeks,"Lights, Camera, Action!",2002,2000s
Glenn Lewis,Don't You Forget It,2002,2000s
P.O.D.,Youth of the Nation,2002,2000s
Phantom Planet,California,2002,2000s
Tweet,Oops (Oh My),2002,2000s
Tommy Shane Steiner,What If She's an Angel,2002,2000s
Vanessa Carlton,A Thousand Miles,2002,2000s
Steve Azar,I Don't Have to Be Me ('til Monday),2002,2000s
Truth Hurts,Addictive,2002,2000s
Default,Wasting My Time,2002,2000s
Jimmy Eat World,The Middle,2002,2000s
Dirty Vegas,Days Go By,2002,2000s
Big Tymers,Still Fly,2002,2000s
Khia,"My Neck, My Back (Lick It)",2002,2000s
DJ Sammy,Heaven,2002,2000s
Angie Martinez ft. Sacario,If I Could Go!,2002,2000s
Las Ketchup,The Ketchup Song (Aserejé),2002,2000s
Lasgo,Something,2003,2000s
Aaron Lines,You Can't Hide Beautiful,2003,2000s
Smilez and Southstar,Tell Me,2003,2000s
JC Chasez,Blowin' Me Up (With Her Love),2003,2000s
t.A.T.u.,All The Things She Said,2003,2000s
Norah Jones,Don't Know Why,2003,2000s
Amanda Perez,Angel,2003,2000s
Wayne Wonder,No Letting Go,2003,2000s
Bone Crusher,Never Scared,2003,2000s
Lumidee,"Never Leave You (Uh Oooh, Uh Oooh)",2003,2000s
Junior Senior,Move Your Feet,2003,2000s
The Ataris,The Boys of Summer,2003,2000s
YoungBloodZ,Damn!,2003,2000s
Trapt,Headstrong,2003,2000s
Fountains of Wayne,Stacy's Mom,2003,2000s
Pat Green,Wave on Wave,2003,2000s
Fefe Dobson,Take Me Away,2003,2000s
Stacie Orrico,(There's Gotta Be) More to Life,2003,2000s
Liz Phair,Why Can't I?,2003,2000s
Nick Cannon,Gigolo,2004,2000s
Eamon,Fuck It (I Don't Want You Back),2004,2000s
The Darkness,I Believe in a Thing Called Love,2004,2000s
Cassidy,Hotel,2004,2000s
J-Kwon,Tipsy,2004,2000s
Mario Winans,I Don't Wanna Know,2004,2000s
Jet,Are You Gonna Be My Girl,2004,2000s
Hoobastank,The Reason,2004,2000s
Yellowcard,Ocean Avenue,2004,2000s
Mis-Teeq,Scandalous,2004,2000s
Diana DeGarmo,Dreams,2004,2000s
Nina Sky,Move Ya Body,2004,2000s
Kevin Lyttle,Turn Me On,2004,2000s
Houston,I Like That,2004,2000s
Terror Squad,Lean Back,2004,2000s
Los Lonely Boys,Heaven,2004,2000s
O-Zone,Dragostea Din Tei,2004,2000s
Modest Mouse,Float On,2004,2000s
Franz Ferdinand,Take Me Out,2004,2000s
Bowling for Soup,1985,2004,2000s
Rupee,Tempted to Touch,2004,2000s
Seether ft. Amy Lee,Broken,2004,2000s
Josh Gracin,Nothin' To Lose,2005,2000s
Trillville,Some Cut,2005,2000s
Caesars,Jerk It Out,2005,2000s
Amerie,1 Thing,2005,2000s
Brooke Valentine,Girlfight,2005,2000s
System of a Down,B.Y.O.B.,2005,2000s
Howie Day,Collide,2005,2000s
Bo Bice,Inside Your Heaven,2005,2000s
Natalie,Goin' Crazy,2005,2000s
Papa Roach,Scars,2005,2000s
D.H.T.,Listen to Your Heart,2005,2000s
The Click Five,Just the Girl,2005,2000s
Crazy Frog,Axel F,2005,2000s
Rent,Seasons of Love,2005,2000s
D4L,Laffy Taffy,2006,2000s
James Blunt,You're Beautiful,2006,2000s
Daniel Powter,Bad Day,2006,2000s
Nick Lachey,What's Left of Me,2006,2000s
Teddy Geiger,For You I Will (Confidence),2006,2000s
Saving Jane,Girl Next Door,2006,2000s
Chamillionaire,Ridin',2006,2000s
Fort Minor ft. Holly Brook,Where'd You Go,2006,2000s
AFI,Miss Murder,2006,2000s
The Wreckers,Leave the Pieces,2006,2000s
Taylor Hicks,Do I Make You Proud,2006,2000s
Paris Hilton,Stars Are Blind,2006,2000s
Gnarls Barkley,Crazy,2006,2000s
Cassie,Me & U,2006,2000s
Young Dro,Shoulder Lean,2006,2000s
Brooke Hogan,About Us,2006,2000s
Cherish ft. Sean P,Do It to It,2006,2000s
The Pack,Vans,2006,2000s
Corinne Bailey Rae,Put Your Records On,2006,2000s
Peter Bjorn and John,Young Folks,2006,2000s
Hinder,Lips of an Angel,2006,2000s
Snow Patrol,Chasing Cars,2006,2000s
Jibbs,Chain Hang Low,2006,2000s
DJ Webstar and Young B.,Chicken Noodle Soup,2006,2000s
Heartland,I Loved Her First,2006,2000s
Mario Vazquez,Gallery,2006,2000s
Corbin Bleu,Push It to the Limit,2007,2000s
Hellogoodbye,Here (In Your Arms),2007,2000s
Augustana,Boston,2007,2000s
Mims,This Is Why I'm Hot,2007,2000s
Rich Boy,Throw Some D's,2007,2000s
Baby Boy da Prince,The Way I Live,2007,2000s
The Red Jumpsuit Apparatus,Face Down,2007,2000s
Huey,"Pop, Lock & Drop It",2007,2000s
Shop Boyz,Party Like a Rockstar,2007,2000s
Amy Winehouse,Rehab,2007,2000s
Down AKA Kilo,Lean like a Cholo,2007,2000s
Plain White T's,Hey There Delilah,2007,2000s
Hurricane Chris,A Bay Bay,2007,2000s
Aly & AJ,Potential Breakup Song,2007,2000s
Cupid,Cupid Shuffle,2007,2000s
Elliott Yamin,Wait For You,2007,2000s
Kat DeLuna,Whine Up,2007,2000s
J. Holiday,Bed,2007,2000s
Feist,1234,2007,2000s
Playaz Circle,Duffle Bag Boy,2007,2000s
Niia,Sweetest Girl (Dollar Bill),2008,2000s
Yael Naim,New Soul,2008,2000s
Buckcherry,Sorry,2008,2000s
2 Pistols,She Got It,2008,2000s
James Otto,Just Got Started Lovin' You,2008,2000s
Colby O'Donis,What You Got,2008,2000s
Duffy,Mercy,2008,2000s
Metro Station,Shake It,2008,2000s
V.I.C.,Get Silly,2008,2000s
Flobots,Handlebars,2008,2000s
Shwayze,Corona and Lime,2008,2000s
Hit Masters,All Summer Long,2008,2000s
Estelle,American Boy,2008,2000s
The Rock Heroes,All Summer Long,2008,2000s
Saving Abel,Addicted,2008,2000s
The Veronicas,Untouched,2009,2000s
A. R. Rahman,Jai Ho! (You Are My Destiny),2009,2000s
GS Boyz,Stanky Legg,2009,2000s
Asher Roth,I Love College,2009,2000s
Kristinia DeBarge,Goodbye,2009,2000s
The Ting Tings,That's Not My Name,2009,2000s
Dorrough,Ice Cream Paint Job,2009,2000s
Muse,Uprising,2009,2000s
Michael Franti & Spearhead,Say Hey (I Love You),2009,2000s
Ester Dean,Drop It Low,2009,2000s
Iyaz,Replay,2010,2010s
Orianthi,According To You,2010,2010s
Spose,I'm Awesome,2010,2010s
Travie McCoy,Billionaire,2010,2010s
La Roux,Bulletproof,2010,2010s
Freshlyground,Waka Waka (This Time for Africa),2010,2010s
Jaron and the Long Road to Love,Pray for You,2010,2010s
Cali Swag District,Teach Me How to Dougie,2010,2010s
The Cataracs,Like a G6,2010,2010s
The Ready Set,Love Like Woe,2010,2010s
Yolanda Be Cool and DCUP,We No Speak Americano,2010,2010s
Willow,Whip My Hair,2010,2010s
Edward Maya and Vika Jigulina,Stereo Love,2011,2010s
Rebecca Black,Friday,2011,2010s
Tinie Tempah ft. Eric Turner,Written in the Stars,2011,2010s
Duck Sauce,Barbra Streisand,2011,2010s
Hot Chelle Rae,Tonight Tonight,2011,2010s
Foster the People,Pumped Up Kicks,2011,2010s
Kreayshawn,Gucci Gucci,2011,2010s
Dev,In the Dark,2011,2010s
Alexandra Stan,Mr. Saxobeat,2011,2010s
The Wanted,Glad You Came,2012,2010s
Gotye ft. Kimbra,Somebody That I Used to Know,2012,2010s
Outasight,Tonight is the Night,2012,2010s
Kirko Bangz,Drank in My Cup,2012,2010s
Karmin,Brokenhearted,2012,2010s
Grouplove,Tongue Tied,2012,2010s
Ca$h Out,Cashin' Out,2012,2010s
Love and Theft,Angel Eyes,2012,2010s
Gloriana,(Kissed You) Good Night,2012,2010s
Alex Clare,Too Close,2012,2010s
The Lumineers,Ho Hey,2012,2010s
Of Monsters and Men,Little Talks,2013,2010s
Trinidad James,All Gold Everything,2013,2010s
Baauer,Harlem Shake,2013,2010s
Mikky Ekko,Stay,2013,2010s
Icona Pop,I Love It,2013,2010s
Zach Sobiech,Clouds,2013,2010s
The Finatticz,Don't Drop That Thun Thun,2013,2010s
Anna Kendrick,Cups,2013,2010s
Foxes,Clarity,2013,2010s
Capital Cities,Safe and Sound,2013,2010s
Awolnation,Sail,2013,2010s
Ylvis,The Fox (What Does the Fox Say?),2013,2010s
Alison Gold,Chinese Food,2013,2010s
A Great Big World,Say Something,2013,2010s
The Neighbourhood,Sweater Weather,2013,2010s
Passenger,Let Her Go,2014,2010s
Bastille,Pompeii,2014,2010s
Soko,We Might Be Dead By Tomorrow,2014,2010s
American Authors,Best Day of My Life,2014,2010s
Rixton,Me and My Broken Heart,2014,2010s
Nico & Vinz,Am I Wrong,2014,2010s
MKTO,Classic,2014,2010s
Magic!,Rude,2014,2010s
Kongos,Come with Me Now,2014,2010s
Disclosure,Latch,2014,2010s
OG Maco,U Guessed It,2014,2010s
Bobby Shmurda,Hot Nigga,2014,2010s
ILoveMakonnen,Tuesday,2014,2010s
Mr. Probz,Waves (Robin Schulz Remix),2014,2010s
Milky Chance,Stolen Dance,2015,2010s
Vance Joy,Riptide,2015,2010s
O.T. Genasis,CoCo,2015,2010s
Lilly Wood and the Prick,Prayer In C (Robin Schulz Remix),2015,2010s
T-Wayne,Nasty Freestyle,2015,2010s
Walk the Moon,Shut Up and Dance,2015,2010s
George Ezra,Budapest,2015,2010s
Silentó,Watch Me (Whip/Nae Nae),2015,2010s
OMI,Cheerleader (Felix Jaehn remix),2015,2010s
Rachel Platten,Fight Song,2015,2010s
Jidenna ft. Roman GianArthur,Classic Man,2015,2010s
R. City,Locked Away,2015,2010s
ILoveMemphis,Hit the Quan,2015,2010s
Elle King,Ex's & Oh's,2015,2010s
Cam,Burning House,2016,2010s
DNCE,Cake by the Ocean,2016,2010s
Lukas Graham,7 Years,2016,2010s
Desiigner,Panda,2016,2010s
MNEK,Never Forget You,2016,2010s
Kent Jones,Don't Mind,2016,2010s
Kiiara,Gold,2016,2010s
Kungs vs. Cookin' on 3 Burners,This Girl,2016,2010s
Gnash featuring Olivia O'Brien,"I Hate U, I Love U",2016,2010s
DRAM,Broccoli,2016,2010s
Young M.A,OOOUUU,2016,2010s
Rob Stone ft. J. Davis and Spooks,Chill Bill,2016,2010s
Zay Hilfigerrr & Zayion McCall,Juju on That Beat,2017,2010s
Kyle,iSpy,2017,2010s
Luis Fonsi,Despacito,2017,2010s
Ayo & Teo,Rolex,2017,2010s
Portugal. The Man,Feel It Still,2017,2010s
BlocBoy JB,Look Alive,2018,2010s
Sheck Wes,Mo Bamba,2018,2010s
Blueface,Thotiana,2019,2010s
Pinkfong,Baby Shark,2019,2010s
Arizona Zervas,Roxanne,2019,2010s
Tones and I,Dance Monkey,2020,2020s
Curtis Waters,Stunnin',2020,2020s
24kGoldn,Mood,2020,2020s
Masked Wolf,Astronaut in the Ocean,2021,2020s
Gayle,ABCDEFU,2022,2020s
Oliver Anthony,Rich Men North of Richmond,2023,2020s
